feature,importancia
periodo_sequia,0.5785034409058164
indice_tendencia,0.1395148855063411
mes_sin,0.10651977412927795
periodo_recuperacion,0.0819873598228939
lag_1,0.05353375188183208
lag_12,0.018119546323037843
precio_barril_usd_ma3,0.010000498951427269
precio_barril_usd,0.006345783014301102
media_movil_3,0.004203040575134852
mes_cos,0.0012719188899374659
