modelo,MAE,RMSE,MAPE,R2,MAPE_cv,MAPE_cv_std,MAE_cv
Regresion_Lineal,153.08226435307972,166.46333257784525,13.262473009614247,-0.9854631246592642,26.262026406452243,24.140023783688537,222.41238244897417
Random_Forest,163.07451990740762,179.7438132722461,14.040216612840286,-1.3149017204521791,11.418039302977196,9.824227692182726,97.54604992784991
Gradient_Boosting,171.21124595281967,187.4167376880054,14.786846759767943,-1.5167576858902452,6.939346899212157,3.9054531980586775,65.55919491711555
Naive_Estacional,269.26666666666665,300.07143593928873,23.658743487379297,-5.451697087195608,,,
