fecha,componente_estacional
1,56.5509259259259
2,83.07499999999999
3,75.64646464646462
4,83.80555555555556
5,67.73611111111113
6,2.6527777777777906
7,-32.37500000000002
8,-89.53535353535352
9,-79.97499999999998
10,-84.22619047619048
11,-51.249149659863924
12,-14.040816326530603
